series_id,series_title
APU0000701111,"Flour, white, all purpose, per lb. (453.6 gm)"
APU0000701311,"Rice, white, long grain, precooked (cost per pound/453.6 grams)"
APU0000701312,"Rice, white, long grain, uncooked, per lb. (453.6 gm)"
APU0000701321,Spaghetti (cost per pound/453.6 grams)
APU0000701322,"Spaghetti and macaroni, per lb. (453.6 gm)"
APU0000702111,"Bread, white, pan, per lb. (453.6 gm)"
APU0000702112,"Bread, French, per lb. (453.6 gm)"
APU0000702211,"Bread, rye, pan (cost per pound/453.6 grams)"
APU0000702212,"Bread, whole wheat, pan, per lb. (453.6 gm)"
APU0000702213,"Bread, wheat blend, pan (cost per pound/453.6 grams)"
APU0000702221,"Rolls, hamburger (cost per pound/453.6 grams)"
APU0000702411,"Cupcakes, chocolate (cost per pound/453.6 grams)"
APU0000702421,"Cookies, chocolate chip, per lb. (453.6 gm)"
APU0000702611,"Crackers, soda, salted, per lb. (453.6 gm)"
APU0000703111,"Ground chuck, 100% beef, per lb. (453.6 gm)"
APU0000703112,"Ground beef, 100% beef, per lb. (453.6 gm)"
APU0000703113,"Ground beef, lean and extra lean, per lb. (453.6 gm)"
APU0000703211,"Chuck roast, USDA Choice, bone-in, per lb. (453.6 gm)"
APU0000703212,"Chuck roast, graded and ungraded, excluding USDA Prime and Choice, per lb. (453.6 gm)"
APU0000703213,"Chuck roast, USDA Choice, boneless, per lb. (453.6 gm)"
APU0000703311,"Round roast, USDA Choice, boneless, per lb. (453.6 gm)"
APU0000703312,"Round roast, graded and ungraded, excluding USDA Prime and Choice, per lb. (453.6 gm)"
APU0000703411,"Rib roast, USDA Choice, bone-in, per lb. (453.6 gm)"
APU0000703421,"Steak, chuck, U.S. choice, bone-in (cost per pound/453.6 grams)"
APU0000703422,"Steak, T-Bone, USDA Choice, bone-in, per lb. (453.6 gm)"
APU0000703423,"Steak, porterhouse, U.S. choice, bone-in (cost per pound/453.6 grams)"
APU0000703425,"Steak, rib eye, USDA Choice, boneless, per lb. (453.6 gm)"
APU0000703431,"Short ribs, any primal source, bone-in, per lb. (453.6 gm)"
APU0000703432,"Beef for stew, boneless, per lb. (453.6 gm)"
APU0000703511,"Steak, round, USDA Choice, boneless, per lb. (453.6 gm)"
APU0000703512,"Steak, round, graded and ungraded, excluding USDA Prime and Choice, per lb. (453.6 gm)"
APU0000703611,"Steak, sirloin, USDA Choice, bone-in, per lb. (453.6 gm)"
APU0000703612,"Steak, sirloin, graded and ungraded, excluding USDA Prime and Choice, per lb. (453.6 gm)"
APU0000703613,"Steak, sirloin, USDA Choice, boneless, per lb. (453.6 gm)"
APU0000704111,"Bacon, sliced, per lb. (453.6 gm)"
APU0000704211,"Chops, center cut, bone-in, per lb. (453.6 gm)"
APU0000704212,"Chops, boneless, per lb. (453.6 gm)"
APU0000704311,"Ham, rump or shank half, bone-in, smoked,per lb. (453.6 gm)"
APU0000704312,"Ham, boneless, excluding canned, per lb. (453.6 gm)"
APU0000704313,"Ham, rump portion, bone-in, smoked (cost per pound/453.6 grams)"
APU0000704314,"Ham, shank portion, bone-in, smoked (cost per pound/453.6 grams)"
APU0000704321,"Ham, canned, 3 or 5 lbs, per lb. (453.6 gm)"
APU0000704411,"Pork shoulder roast, blade boston, bone-in (cost per pound/453.6 grams)"
APU0000704412,"Pork sirloin roast, bone-in (cost per pound/453.6 grams)"
APU0000704413,"Shoulder picnic, bone-in, smoked, per lb. (453.6 gm)"
APU0000704421,"Sausage, fresh, loose, per lb. (453.6 gm)"
APU0000705111,"Frankfurters, all meat or all beef, per lb. (453.6 gm)"
APU0000705121,"Bologna, all beef or mixed, per lb. (453.6 gm)"
APU0000705141,Beef liver (cost per pound/453.6 grams)
APU0000705142,"Lamb and mutton, bone-in, per lb. (453.6 gm)"
APU0000706111,"Chicken, fresh, whole, per lb. (453.6 gm)"
APU0000706211,"Chicken breast, bone-in, per lb. (453.6 gm)"
APU0000706212,"Chicken legs, bone-in, per lb. (453.6 gm)"
APU0000706311,"Turkey, frozen, whole, per lb. (453.6 gm)"
APU0000707111,"Tuna, light, chunk, per lb. (453.6 gm)"
APU0000708111,"Eggs, grade A, large, per doz."
APU0000708112,"Eggs, grade AA, large, per doz."
APU0000709111,"Milk, fresh, whole, fortified, per 1/2 gal. (1.9 lit)"
APU0000709112,"Milk, fresh, whole, fortified, per gal. (3.8 lit)"
APU0000709211,"Milk, fresh, skim (cost per one-half gallon/1.9 liters)"
APU0000709212,"Milk, fresh, low fat, per 1/2 gal. (1.9 lit)"
APU0000709213,"Milk, fresh, low fat, per gal. (3.8 lit)"
APU0000710111,"Butter, salted, grade AA, stick, per lb. (453.6 gm)"
APU0000710122,"Yogurt, natural, fruit flavored, per 8 oz. (226.8 gm)"
APU0000710211,"American processed cheese, per lb. (453.6 gm)"
APU0000710212,"Cheddar cheese, natural, per lb. (453.6 gm)"
APU0000710411,"Ice cream, prepackaged, bulk, regular, per 1/2 gal. (1.9 lit)"
APU0000711111,"Apples, Red Delicious, per lb. (453.6 gm)"
APU0000711211,"Bananas, per lb. (453.6 gm)"
APU0000711311,"Oranges, Navel, per lb. (453.6 gm)"
APU0000711312,"Oranges, Valencia, per lb. (453.6 gm)"
APU0000711411,"Grapefruit, per lb. (453.6 gm)"
APU0000711412,"Lemons, per lb. (453.6 gm)"
APU0000711413,"Pears, Anjou, per lb. (453.6 gm)"
APU0000711414,"Peaches, per lb. (453.6 gm)"
APU0000711415,"Strawberries, dry pint, per 12 oz. (340.2 gm)"
APU0000711416,"Grapes, Emperor or Tokay (cost per pound/453.6 grams)"
APU0000711417,"Grapes, Thompson Seedless, per lb. (453.6 gm)"
APU0000711418,"Cherries, per lb. (453.6 gm)"
APU0000712111,"Potatoes, white (cost per pound/453.6 grams)"
APU0000712112,"Potatoes, white, per lb. (453.6 gm)"
APU0000712211,"Lettuce, iceberg, per lb. (453.6 gm)"
APU0000712311,"Tomatoes, field grown, per lb. (453.6 gm)"
APU0000712401,"Cabbage, per lb. (453.6 gm)"
APU0000712402,"Celery, per lb. (453.6 gm)"
APU0000712403,"Carrots, short trimmed and topped, per lb. (453.6 gm)"
APU0000712404,"Onions, dry yellow, per lb. (453.6 gm)"
APU0000712405,"Onions, green scallions (cost per pound/453.6 grams)"
APU0000712406,"Peppers, sweet, per lb. (453.6 gm)"
APU0000712407,"Corn on the cob, per lb. (453.6 gm)"
APU0000712408,Radishes (cost per pound/453.6 grams)
APU0000712409,"Cucumbers, per lb. (453.6 gm)"
APU0000712410,"Beans, green, snap (cost per pound/453.6 grams)"
APU0000712411,Mushrooms (cost per pound/453.6 grams)
APU0000712412,"Broccoli, per lb. (453.6 gm)"
APU0000713111,"Orange juice, frozen concentrate, 12 oz. can, per 16 oz. (473.2 ml)"
APU0000713311,"Apple Sauce, any variety, all sizes, per lb. (453.6 gm)"
APU0000713312,"Peaches, any variety, all sizes, per lb. (453.6 gm)"
APU0000714111,"Potatoes, frozen, French fried, per lb. (453.6 gm)"
APU0000714221,"Corn, canned, any style, all sizes, per lb. (453.6 gm)"
APU0000714231,"Tomatoes, canned, whole, per lb. (453.6 gm)"
APU0000714232,"Tomatoes, canned, any type, all sizes,  per lb. (453.6 gm)"
APU0000714233,"Beans, dried, any type, all sizes, per lb. (453.6 gm)"
APU0000715111,"Hard candy, solid (cost per pound/453.6 grams)"
APU0000715211,"Sugar, white, all sizes, per lb. (453.6 gm)"
APU0000715212,"Sugar, white, 33-80 oz. pkg, per lb. (453.6 gm)"
APU0000715311,Jelly (cost per pound/453.6 grams)
APU0000716111,"Margarine, vegetable oil blends, stick (cost per pound/453.6 grams)"
APU0000716113,"Margarine, vegetable oil blends, soft, tubs (cost per pound/453.6 grams)"
APU0000716114,"Margarine, stick, per lb. (453.6 gm)"
APU0000716116,"Margarine, soft, tubs, per lb. (453.6 gm)"
APU0000716121,"Shortening, vegetable oil blends, per lb. (453.6 gm)"
APU0000716141,"Peanut butter, creamy, all sizes, per lb. (453.6 gm)"
APU0000717111,"Cola, non-diet, return bottles, 6 or 8 pack (cost per 16 ounces/473.2 ml)"
APU0000717112,"Cola, non diet, return bottles, 24-40 ounce (cost per 16 ounces/473.2 ml)"
APU0000717113,"Cola, nondiet, cans, 72 oz. 6 pk., per 16 oz. (473.2 ml)"
APU0000717114,"Cola, nondiet, per 2 liters (67.6 oz)"
APU0000717311,"Coffee, 100%, ground roast, all sizes, per lb. (453.6 gm)"
APU0000717312,"Coffee, 100%, ground roast, 13.1-20 oz. can, per lb. (453.6 gm)"
APU0000717324,"Coffee, instant, plain, regular, 6.1-14 ounce (cost per 16 ounces/453.6 grams)"
APU0000717325,"Coffee, freeze dried, regular, all sizes (cost per 16 ounces/453.6 grams)"
APU0000717326,"Coffee, freeze dried, decaf., all sizes (cost per 16 ounces/453.6 grams)"
APU0000717327,"Coffee, instant, plain, regular, all sizes, per lb. (453.6 gm)"
APU0000717411,"Coffee, instant, plain, 9.1-14 ounce (cost per 16 ounces/453.6 grams)"
APU0000717412,"Coffee, instant, plain, 3.1-6 ounce (cost per 16 ounces/453.6 grams)"
APU0000717413,"Coffee, freeze dried, plain, 3.1-9 ounce (cost per 16 ounces/453.6 grams)"
APU0000718311,"Potato chips, per 16 oz."
APU0000718631,"Pork and beans, canned (cost per 16 ounces/453.6 grams)"
APU0000720111,"Malt beverages, all types, all sizes, any origin, per 16 oz. (473.2 ml)"
APU0000720211,"Bourbon whiskey, 375 ml-1.75 liter (cost per 25.4 ounces/750 ml)"
APU0000720221,"Vodka, domestic, 375 ml-1.75 liter (cost per 25.4 ounces/750 ml)"
APU0000720222,"Vodka, all types, all sizes, any origin, per 1 liter (33.8 oz)"
APU0000720311,"Wine, red and white table, all sizes, any origin, per 1 liter (33.8 oz)"
APU000072511,Fuel oil #2 per gallon (3.785 liters)
APU000072601,Utility (piped) gas - 40 therms
APU000072610,Electricity per KWH
APU000072611,Utility (piped) gas - 100 therms
APU000072620,Utility (piped) gas per therm
APU000072621,Electricity per 500 KWH
APU000074712,"Gasoline, leaded regular (cost per gallon/3.8 liters)"
APU000074713,"Gasoline, leaded premium (cost per gallon/3.8 liters)"
APU000074714,"Gasoline, unleaded regular, per gallon/3.785 liters"
APU000074715,"Gasoline, unleaded midgrade, per gallon/3.785 liters"
APU000074716,"Gasoline, unleaded premium, per gallon/3.785 liters"
APU000074717,"Automotive diesel fuel, per gallon/3.785 liters"
APU00007471A,"Gasoline, all types, per gallon/3.785 liters"
APU0000FC1101,"All uncooked ground beef, per lb. (453.6 gm)"
APU0000FC2101,"All Uncooked Beef Roasts, per lb. (453.6 gm)"
APU0000FC3101,"All Uncooked Beef Steaks, per lb. (453.6 gm)"
APU0000FC4101,"All Uncooked Other Beef (Excluding Veal), per lb. (453.6 gm)"
APU0000FD2101,"All Ham (Excluding Canned Ham and Luncheon Slices), per lb. (453.6 gm)"
APU0000FD3101,"All Pork Chops, per lb. (453.6 gm)"
APU0000FD4101,"All Other Pork (Excluding Canned Ham and Luncheon Slices), per lb. (453.6 gm)"
APU0000FF1101,"Chicken breast, boneless, per lb. (453.6 gm)"
APU0000FJ1101,"Milk, fresh, low-fat, reduced fat, skim, per gal. (3.8 lit)"
APU0000FJ4101,"Yogurt, per 8 oz. (226.8 gm)"
APU0000FL2101,"Lettuce, romaine, per lb. (453.6 gm)"
APU0000FN1101,"All soft drinks, per 2 liters (67.6 oz)"
APU0000FN1102,"All soft drinks, 12 pk, 12 oz., cans, per 12 oz. (354.9 ml)"
APU0000FS1101,"Butter, stick, per lb. (453.6 gm)"
CUSR0000SA0,"All items in U.S. city average, all urban consumers, seasonally adjusted"
CUSR0000SA0E,"Energy in U.S. city average, all urban consumers, seasonally adjusted"
CUSR0000SA0L1,"All items less food in U.S. city average, all urban consumers, seasonally adjusted"
CUSR0000SA0L12,"All items less food and shelter in U.S. city average, all urban consumers, seasonally adjusted"
CUSR0000SA0L12E,"All items less food, shelter, and energy in U.S. city average, all urban consumers, seasonally adjusted"
CUSR0000SA0L12E4,"All items less food, shelter, energy, and used cars and trucks in U.S. city average, all urban consumers, seasonally adjusted"
CUSR0000SA0L1E,"All items less food and energy in U.S. city average, all urban consumers, seasonally adjusted"
CUSR0000SA0L2,"All items less shelter in U.S. city average, all urban consumers, seasonally adjusted"
CUSR0000SA0L5,"All items  less medical care in U.S. city average, all urban consumers, seasonally adjusted"
CUSR0000SA0LE,"All items less energy in U.S. city average, all urban consumers, seasonally adjusted"
CUSR0000SA311,"Apparel less footwear in U.S. city average, all urban consumers, seasonally adjusted"
CUSR0000SAA,"Apparel in U.S. city average, all urban consumers, seasonally adjusted"
CUSR0000SAA1,"Men's and boys' apparel in U.S. city average, all urban consumers, seasonally adjusted"
CUSR0000SAA2,"Women's and girls' apparel in U.S. city average, all urban consumers, seasonally adjusted"
CUSR0000SAC,"Commodities in U.S. city average, all urban consumers, seasonally adjusted"
CUSR0000SACE,"Energy commodities in U.S. city average, all urban consumers, seasonally adjusted"
CUSR0000SACL1,"Commodities less food in U.S. city average, all urban consumers, seasonally adjusted"
CUSR0000SACL11,"Commodities less food and beverages in U.S. city average, all urban consumers, seasonally adjusted"
CUSR0000SACL1E,"Commodities less food and energy commodities in U.S. city average, all urban consumers, seasonally adjusted"
CUSR0000SACL1E4,"Commodities less food, energy, and used cars and trucks in U.S. city average, all urban consumers, seasonally adjusted"
CUSR0000SAD,"Durables in U.S. city average, all urban consumers, seasonally adjusted"
CUSR0000SAE,"Education and communication in U.S. city average, all urban consumers, seasonally adjusted"
CUSR0000SAE1,"Education in U.S. city average, all urban consumers, seasonally adjusted"
CUSR0000SAE2,"Communication in U.S. city average, all urban consumers, seasonally adjusted"
CUSR0000SAE21,"Information and information processing in U.S. city average, all urban consumers, seasonally adjusted"
CUSR0000SAEC,"Education and communication commodities in U.S. city average, all urban consumers, seasonally adjusted"
CUSR0000SAES,"Education and communication services in U.S. city average, all urban consumers, seasonally adjusted"
CUSR0000SAF,"Food and beverages in U.S. city average, all urban consumers, seasonally adjusted"
CUSR0000SAF1,"Food in U.S. city average, all urban consumers, seasonally adjusted"
CUSR0000SAF11,"Food at home in U.S. city average, all urban consumers, seasonally adjusted"
CUSR0000SAF111,"Cereals and bakery products in U.S. city average, all urban consumers, seasonally adjusted"
CUSR0000SAF112,"Meats, poultry, fish, and eggs in U.S. city average, all urban consumers, seasonally adjusted"
CUSR0000SAF1121,"Meats, poultry, and fish in U.S. city average, all urban consumers, seasonally adjusted"
CUSR0000SAF11211,"Meats in U.S. city average, all urban consumers, seasonally adjusted"
CUSR0000SAF113,"Fruits and vegetables in U.S. city average, all urban consumers, seasonally adjusted"
CUSR0000SAF1131,"Fresh fruits and vegetables in U.S. city average, all urban consumers, seasonally adjusted"
CUSR0000SAF114,"Nonalcoholic beverages and beverage materials in U.S. city average, all urban consumers, seasonally adjusted"
CUSR0000SAF115,"Other food at home in U.S. city average, all urban consumers, seasonally adjusted"
CUSR0000SAF116,"Alcoholic beverages in U.S. city average, all urban consumers, seasonally adjusted"
CUSR0000SAG,"Other goods and services in U.S. city average, all urban consumers, seasonally adjusted"
CUSR0000SAG1,"Personal care in U.S. city average, all urban consumers, seasonally adjusted"
CUSR0000SAGC,"Other goods in U.S. city average, all urban consumers, seasonally adjusted"
CUSR0000SAH,"Housing in U.S. city average, all urban consumers, seasonally adjusted"
CUSR0000SAH1,"Shelter in U.S. city average, all urban consumers, seasonally adjusted"
CUSR0000SAH2,"Fuels and utilities in U.S. city average, all urban consumers, seasonally adjusted"
CUSR0000SAH21,"Household energy in U.S. city average, all urban consumers, seasonally adjusted"
CUSR0000SAH3,"Household furnishings and operations in U.S. city average, all urban consumers, seasonally adjusted"
CUSR0000SAH31,"Household furnishings and supplies in U.S. city average, all urban consumers, seasonally adjusted"
CUSR0000SAM,"Medical care in U.S. city average, all urban consumers, seasonally adjusted"
CUSR0000SAM1,"Medical care commodities in U.S. city average, all urban consumers, seasonally adjusted"
CUSR0000SAM2,"Medical care services in U.S. city average, all urban consumers, seasonally adjusted"
CUSR0000SAN,"Nondurables in U.S. city average, all urban consumers, seasonally adjusted"
CUSR0000SAN1D,"Domestically produced farm food in U.S. city average, all urban consumers, seasonally adjusted"
CUSR0000SANL1,"Nondurables less food in U.S. city average, all urban consumers, seasonally adjusted"
CUSR0000SANL11,"Nondurables less food and beverages in U.S. city average, all urban consumers, seasonally adjusted"
CUSR0000SANL113,"Nondurables less food, beverages, and apparel in U.S. city average, all urban consumers, seasonally adjusted"
CUSR0000SANL13,"Nondurables less food and apparel in U.S. city average, all urban consumers, seasonally adjusted"
CUSR0000SAR,"Recreation in U.S. city average, all urban consumers, seasonally adjusted"
CUSR0000SARC,"Recreation commodities in U.S. city average, all urban consumers, seasonally adjusted"
CUSR0000SARS,"Recreation services in U.S. city average, all urban consumers, seasonally adjusted"
CUSR0000SAS,"Services in U.S. city average, all urban consumers, seasonally adjusted"
CUSR0000SAS24,"Utilities and public transportation in U.S. city average, all urban consumers, seasonally adjusted"
CUSR0000SAS2RS,"Rent of shelter in U.S. city average, all urban consumers, seasonally adjusted"
CUSR0000SAS367,"Other services in U.S. city average, all urban consumers, seasonally adjusted"
CUSR0000SAS4,"Transportation services in U.S. city average, all urban consumers, seasonally adjusted"
CUSR0000SASL2RS,"Services less rent of shelter in U.S. city average, all urban consumers, seasonally adjusted"
CUSR0000SASL5,"Services less medical care services in U.S. city average, all urban consumers, seasonally adjusted"
CUSR0000SASLE,"Services less energy services in U.S. city average, all urban consumers, seasonally adjusted"
CUSR0000SAT,"Transportation in U.S. city average, all urban consumers, seasonally adjusted"
CUSR0000SAT1,"Private transportation in U.S. city average, all urban consumers, seasonally adjusted"
CUSR0000SATCLTB,"Transportation commodities less motor fuel in U.S. city average, all urban consumers, seasonally adjusted"
CUSR0000SEAA,"Men's apparel in U.S. city average, all urban consumers, seasonally adjusted"
CUSR0000SEAA01,"Men's suits, sport coats, and outerwear in U.S. city average, all urban consumers, seasonally adjusted"
CUSR0000SEAA02,"Men's underwear, nightwear, swimwear, and accessories in U.S. city average, all urban consumers, seasonally adjusted"
CUSR0000SEAA03,"Men's shirts and sweaters in U.S. city average, all urban consumers, seasonally adjusted"
CUSR0000SEAA04,"Men's pants and shorts in U.S. city average, all urban consumers, seasonally adjusted"
CUSR0000SEAB,"Boys' apparel in U.S. city average, all urban consumers, seasonally adjusted"
CUSR0000SEAC,"Women's apparel in U.S. city average, all urban consumers, seasonally adjusted"
CUSR0000SEAC01,"Women's outerwear in U.S. city average, all urban consumers, seasonally adjusted"
CUSR0000SEAC02,"Women's dresses in U.S. city average, all urban consumers, seasonally adjusted"
CUSR0000SEAC03,"Women's suits and separates in U.S. city average, all urban consumers, seasonally adjusted"
CUSR0000SEAC04,"Women's underwear, nightwear, swimwear, and accessories in U.S. city average, all urban consumers, seasonally adjusted"
CUSR0000SEAD,"Girls' apparel in U.S. city average, all urban consumers, seasonally adjusted"
CUSR0000SEAE,"Footwear in U.S. city average, all urban consumers, seasonally adjusted"
CUSR0000SEAE01,"Men's footwear in U.S. city average, all urban consumers, seasonally adjusted"
CUSR0000SEAE02,"Boys' and girls' footwear in U.S. city average, all urban consumers, seasonally adjusted"
CUSR0000SEAE03,"Women's footwear in U.S. city average, all urban consumers, seasonally adjusted"
CUSR0000SEAF,"Infants' and toddlers' apparel in U.S. city average, all urban consumers, seasonally adjusted"
CUSR0000SEAG,"Jewelry and watches in U.S. city average, all urban consumers, seasonally adjusted"
CUSR0000SEAG01,"Watches in U.S. city average, all urban consumers, seasonally adjusted"
CUSR0000SEAG02,"Jewelry in U.S. city average, all urban consumers, seasonally adjusted"
CUSR0000SEEA,"Educational books and supplies in U.S. city average, all urban consumers, seasonally adjusted"
CUSR0000SEEB,"Tuition, other school fees, and childcare in U.S. city average, all urban consumers, seasonally adjusted"
CUSR0000SEEB01,"College tuition and fees in U.S. city average, all urban consumers, seasonally adjusted"
CUSR0000SEEB02,"Elementary and high school tuition and fees in U.S. city average, all urban consumers, seasonally adjusted"
CUSR0000SEEB03,"Day care and preschool in U.S. city average, all urban consumers, seasonally adjusted"
CUSR0000SEEB04,"Technical and business school tuition and fees in U.S. city average, all urban consumers, seasonally adjusted"
CUSR0000SEEC,"Postage and delivery services in U.S. city average, all urban consumers, seasonally adjusted"
CUSR0000SEEC01,"Postage in U.S. city average, all urban consumers, seasonally adjusted"
CUSR0000SEEC02,"Delivery services in U.S. city average, all urban consumers, seasonally adjusted"
CUSR0000SEEE,"Information technology, hardware and services in U.S. city average, all urban consumers, seasonally adjusted"
CUSR0000SEEE01,"Computers, peripherals, and smart home assistants in U.S. city average, all urban consumers, seasonally adjusted"
CUSR0000SEEE03,"Internet services and electronic information providers in U.S. city average, all urban consumers, seasonally adjusted"
CUSR0000SEEE04,"Telephone hardware, calculators, and other consumer information items in U.S. city average, all urban consumers, seasonally adjusted"
CUSR0000SEEEC,"Information technology commodities in U.S. city average, all urban consumers, seasonally adjusted"
CUSR0000SEFA,"Cereals and cereal products in U.S. city average, all urban consumers, seasonally adjusted"
CUSR0000SEFA01,"Flour and prepared flour mixes in U.S. city average, all urban consumers, seasonally adjusted"
CUSR0000SEFA02,"Breakfast cereal in U.S. city average, all urban consumers, seasonally adjusted"
CUSR0000SEFA03,"Rice, pasta, cornmeal in U.S. city average, all urban consumers, seasonally adjusted"
CUSR0000SEFB,"Bakery products in U.S. city average, all urban consumers, seasonally adjusted"
CUSR0000SEFB01,"Bread in U.S. city average, all urban consumers, seasonally adjusted"
CUSR0000SEFB02,"Fresh biscuits, rolls, muffins in U.S. city average, all urban consumers, seasonally adjusted"
CUSR0000SEFB03,"Cakes, cupcakes, and cookies in U.S. city average, all urban consumers, seasonally adjusted"
CUSR0000SEFB04,"Other bakery products in U.S. city average, all urban consumers, seasonally adjusted"
CUSR0000SEFC,"Beef and veal in U.S. city average, all urban consumers, seasonally adjusted"
CUSR0000SEFC01,"Uncooked ground beef in U.S. city average, all urban consumers, seasonally adjusted"
CUSR0000SEFC02,"Uncooked beef roasts in U.S. city average, all urban consumers, seasonally adjusted"
CUSR0000SEFC03,"Uncooked beef steaks in U.S. city average, all urban consumers, seasonally adjusted"
CUSR0000SEFD,"Pork in U.S. city average, all urban consumers, seasonally adjusted"
CUSR0000SEFD01,"Bacon, breakfast sausage, and related products in U.S. city average, all urban consumers, seasonally adjusted"
CUSR0000SEFD02,"Ham in U.S. city average, all urban consumers, seasonally adjusted"
CUSR0000SEFD03,"Pork chops in U.S. city average, all urban consumers, seasonally adjusted"
CUSR0000SEFD04,"Other pork including roasts, steaks, and ribs in U.S. city average, all urban consumers, seasonally adjusted"
CUSR0000SEFE,"Other meats in U.S. city average, all urban consumers, seasonally adjusted"
CUSR0000SEFF,"Poultry in U.S. city average, all urban consumers, seasonally adjusted"
CUSR0000SEFF01,"Chicken in U.S. city average, all urban consumers, seasonally adjusted"
CUSR0000SEFF02,"Other uncooked poultry including turkey in U.S. city average, all urban consumers, seasonally adjusted"
CUSR0000SEFG,"Fish and seafood in U.S. city average, all urban consumers, seasonally adjusted"
CUSR0000SEFG01,"Fresh fish and seafood in U.S. city average, all urban consumers, seasonally adjusted"
CUSR0000SEFG02,"Processed fish and seafood in U.S. city average, all urban consumers, seasonally adjusted"
CUSR0000SEFH,"Eggs in U.S. city average, all urban consumers, seasonally adjusted"
CUSR0000SEFJ,"Dairy and related products in U.S. city average, all urban consumers, seasonally adjusted"
CUSR0000SEFJ01,"Milk in U.S. city average, all urban consumers, seasonally adjusted"
CUSR0000SEFJ02,"Cheese and related products in U.S. city average, all urban consumers, seasonally adjusted"
CUSR0000SEFJ03,"Ice cream and related products in U.S. city average, all urban consumers, seasonally adjusted"
CUSR0000SEFJ04,"Other dairy and related products in U.S. city average, all urban consumers, seasonally adjusted"
CUSR0000SEFK,"Fresh fruits in U.S. city average, all urban consumers, seasonally adjusted"
CUSR0000SEFK01,"Apples in U.S. city average, all urban consumers, seasonally adjusted"
CUSR0000SEFK02,"Bananas in U.S. city average, all urban consumers, seasonally adjusted"
CUSR0000SEFK03,"Citrus fruits in U.S. city average, all urban consumers, seasonally adjusted"
CUSR0000SEFK04,"Other fresh fruits in U.S. city average, all urban consumers, seasonally adjusted"
CUSR0000SEFL,"Fresh vegetables in U.S. city average, all urban consumers, seasonally adjusted"
CUSR0000SEFL01,"Potatoes in U.S. city average, all urban consumers, seasonally adjusted"
CUSR0000SEFL02,"Lettuce in U.S. city average, all urban consumers, seasonally adjusted"
CUSR0000SEFL03,"Tomatoes in U.S. city average, all urban consumers, seasonally adjusted"
CUSR0000SEFL04,"Other fresh vegetables in U.S. city average, all urban consumers, seasonally adjusted"
CUSR0000SEFM,"Processed fruits and vegetables in U.S. city average, all urban consumers, seasonally adjusted"
CUSR0000SEFM01,"Canned fruits and vegetables in U.S. city average, all urban consumers, seasonally adjusted"
CUSR0000SEFM02,"Frozen fruits and vegetables in U.S. city average, all urban consumers, seasonally adjusted"
CUSR0000SEFM03,"Other processed fruits and vegetables including dried in U.S. city average, all urban consumers, seasonally adjusted"
CUSR0000SEFN,"Juices and nonalcoholic drinks in U.S. city average, all urban consumers, seasonally adjusted"
CUSR0000SEFN01,"Carbonated drinks in U.S. city average, all urban consumers, seasonally adjusted"
CUSR0000SEFN03,"Nonfrozen noncarbonated juices and drinks in U.S. city average, all urban consumers, seasonally adjusted"
CUSR0000SEFP,"Beverage materials including coffee and tea in U.S. city average, all urban consumers, seasonally adjusted"
CUSR0000SEFP01,"Coffee in U.S. city average, all urban consumers, seasonally adjusted"
CUSR0000SEFP02,"Other beverage materials including tea in U.S. city average, all urban consumers, seasonally adjusted"
CUSR0000SEFR,"Sugar and sweets in U.S. city average, all urban consumers, seasonally adjusted"
CUSR0000SEFR01,"Sugar and sugar substitutes in U.S. city average, all urban consumers, seasonally adjusted"
CUSR0000SEFR02,"Candy and chewing gum in U.S. city average, all urban consumers, seasonally adjusted"
CUSR0000SEFR03,"Other sweets in U.S. city average, all urban consumers, seasonally adjusted"
CUSR0000SEFS,"Fats and oils in U.S. city average, all urban consumers, seasonally adjusted"
CUSR0000SEFS01,"Butter and margarine in U.S. city average, all urban consumers, seasonally adjusted"
CUSR0000SEFS02,"Salad dressing in U.S. city average, all urban consumers, seasonally adjusted"
CUSR0000SEFS03,"Other fats and oils including peanut butter in U.S. city average, all urban consumers, seasonally adjusted"
CUSR0000SEFT,"Other foods in U.S. city average, all urban consumers, seasonally adjusted"
CUSR0000SEFT01,"Soups in U.S. city average, all urban consumers, seasonally adjusted"
CUSR0000SEFT02,"Frozen and freeze dried prepared foods in U.S. city average, all urban consumers, seasonally adjusted"
CUSR0000SEFT03,"Snacks in U.S. city average, all urban consumers, seasonally adjusted"
CUSR0000SEFT04,"Spices, seasonings, condiments, sauces in U.S. city average, all urban consumers, seasonally adjusted"
CUSR0000SEFT06,"Other miscellaneous foods in U.S. city average, all urban consumers, seasonally adjusted"
CUSR0000SEFV,"Food away from home in U.S. city average, all urban consumers, seasonally adjusted"
CUSR0000SEFV01,"Full service meals and snacks in U.S. city average, all urban consumers, seasonally adjusted"
CUSR0000SEFV03,"Food at employee sites and schools in U.S. city average, all urban consumers, seasonally adjusted"
CUSR0000SEFV05,"Other food away from home in U.S. city average, all urban consumers, seasonally adjusted"
CUSR0000SEFW,"Alcoholic beverages at home in U.S. city average, all urban consumers, seasonally adjusted"
CUSR0000SEFW01,"Beer, ale, and other malt beverages at home in U.S. city average, all urban consumers, seasonally adjusted"
CUSR0000SEFW02,"Distilled spirits at home in U.S. city average, all urban consumers, seasonally adjusted"
CUSR0000SEFW03,"Wine at home in U.S. city average, all urban consumers, seasonally adjusted"
CUSR0000SEFX,"Alcoholic beverages away from home in U.S. city average, all urban consumers, seasonally adjusted"
CUSR0000SEGA,"Tobacco and smoking products in U.S. city average, all urban consumers, seasonally adjusted"
CUSR0000SEGA01,"Cigarettes in U.S. city average, all urban consumers, seasonally adjusted"
CUSR0000SEGD,"Miscellaneous personal services in U.S. city average, all urban consumers, seasonally adjusted"
CUSR0000SEGD01,"Legal services in U.S. city average, all urban consumers, seasonally adjusted"
CUSR0000SEGD02,"Funeral expenses in U.S. city average, all urban consumers, seasonally adjusted"
CUSR0000SEGD03,"Laundry and dry cleaning services in U.S. city average, all urban consumers, seasonally adjusted"
CUSR0000SEGD05,"Financial services in U.S. city average, all urban consumers, seasonally adjusted"
CUSR0000SEGE,"Miscellaneous personal goods in U.S. city average, all urban consumers, seasonally adjusted"
CUSR0000SEHA,"Rent of primary residence in U.S. city average, all urban consumers, seasonally adjusted"
CUSR0000SEHB,"Lodging away from home in U.S. city average, all urban consumers, seasonally adjusted"
CUSR0000SEHB01,"Housing at school, excluding board in U.S. city average, all urban consumers, seasonally adjusted"
CUSR0000SEHB02,"Other lodging away from home including hotels and motels in U.S. city average, all urban consumers, seasonally adjusted"
CUSR0000SEHC,"Owners' equivalent rent of residences in U.S. city average, all urban consumers, seasonally adjusted"
CUSR0000SEHC01,"Owners' equivalent rent of primary residence in U.S. city average, all urban consumers, seasonally adjusted"
CUSR0000SEHE,"Fuel oil and other fuels in U.S. city average, all urban consumers, seasonally adjusted"
CUSR0000SEHE01,"Fuel oil in U.S. city average, all urban consumers, seasonally adjusted"
CUSR0000SEHE02,"Propane, kerosene, and firewood in U.S. city average, all urban consumers, seasonally adjusted"
CUSR0000SEHF,"Energy services in U.S. city average, all urban consumers, seasonally adjusted"
CUSR0000SEHF01,"Electricity in U.S. city average, all urban consumers, seasonally adjusted"
CUSR0000SEHF02,"Utility (piped) gas service in U.S. city average, all urban consumers, seasonally adjusted"
CUSR0000SEHG,"Water and sewer and trash collection services in U.S. city average, all urban consumers, seasonally adjusted"
CUSR0000SEHG01,"Water and sewerage maintenance in U.S. city average, all urban consumers, seasonally adjusted"
CUSR0000SEHG02,"Garbage and trash collection in U.S. city average, all urban consumers, seasonally adjusted"
CUSR0000SEHH,"Window and floor coverings and other linens in U.S. city average, all urban consumers, seasonally adjusted"
CUSR0000SEHH02,"Window coverings in U.S. city average, all urban consumers, seasonally adjusted"
CUSR0000SEHH03,"Other linens in U.S. city average, all urban consumers, seasonally adjusted"
CUSR0000SEHJ,"Furniture and bedding in U.S. city average, all urban consumers, seasonally adjusted"
CUSR0000SEHJ03,"Other furniture in U.S. city average, all urban consumers, seasonally adjusted"
CUSR0000SEHK,"Appliances in U.S. city average, all urban consumers, seasonally adjusted"
CUSR0000SEHK01,"Major appliances in U.S. city average, all urban consumers, seasonally adjusted"
CUSR0000SEHK02,"Other appliances in U.S. city average, all urban consumers, seasonally adjusted"
CUSR0000SEHL,"Other household equipment and furnishings in U.S. city average, all urban consumers, seasonally adjusted"
CUSR0000SEHL02,"Indoor plants and flowers in U.S. city average, all urban consumers, seasonally adjusted"
CUSR0000SEHL04,"Nonelectric cookware and tableware in U.S. city average, all urban consumers, seasonally adjusted"
CUSR0000SEHM,"Tools, hardware, outdoor equipment and supplies in U.S. city average, all urban consumers, seasonally adjusted"
CUSR0000SEHM01,"Tools, hardware and supplies in U.S. city average, all urban consumers, seasonally adjusted"
CUSR0000SEHM02,"Outdoor equipment and supplies in U.S. city average, all urban consumers, seasonally adjusted"
CUSR0000SEHN,"Housekeeping supplies in U.S. city average, all urban consumers, seasonally adjusted"
CUSR0000SEHN01,"Household cleaning products in U.S. city average, all urban consumers, seasonally adjusted"
CUSR0000SEHN03,"Miscellaneous household products in U.S. city average, all urban consumers, seasonally adjusted"
CUSR0000SEHP03,"Moving, storage, freight expense in U.S. city average, all urban consumers, seasonally adjusted"
CUSR0000SEMC,"Professional services in U.S. city average, all urban consumers, seasonally adjusted"
CUSR0000SEMC01,"Physicians' services in U.S. city average, all urban consumers, seasonally adjusted"
CUSR0000SEMC02,"Dental services in U.S. city average, all urban consumers, seasonally adjusted"
CUSR0000SEMC03,"Eyeglasses and eye care in U.S. city average, all urban consumers, seasonally adjusted"
CUSR0000SEMC04,"Services by other medical professionals in U.S. city average, all urban consumers, seasonally adjusted"
CUSR0000SEMD,"Hospital and related services in U.S. city average, all urban consumers, seasonally adjusted"
CUSR0000SEMD01,"Hospital services in U.S. city average, all urban consumers, seasonally adjusted"
CUSR0000SEMD02,"Nursing homes and adult day services in U.S. city average, all urban consumers, seasonally adjusted"
CUSR0000SEMF,"Medicinal drugs in U.S. city average, all urban consumers, seasonally adjusted"
CUSR0000SEMF01,"Prescription drugs in U.S. city average, all urban consumers, seasonally adjusted"
CUSR0000SEMF02,"Nonprescription drugs in U.S. city average, all urban consumers, seasonally adjusted"
CUSR0000SERA,"Video and audio in U.S. city average, all urban consumers, seasonally adjusted"
CUSR0000SERA01,"Televisions in U.S. city average, all urban consumers, seasonally adjusted"
CUSR0000SERA02,"Cable, satellite, and live streaming television service in U.S. city average, all urban consumers, seasonally adjusted"
CUSR0000SERA03,"Other video equipment in U.S. city average, all urban consumers, seasonally adjusted"
CUSR0000SERA05,"Audio equipment in U.S. city average, all urban consumers, seasonally adjusted"
CUSR0000SERAC,"Video and audio products in U.S. city average, all urban consumers, seasonally adjusted"
CUSR0000SERAS,"Video and audio services in U.S. city average, all urban consumers, seasonally adjusted"
CUSR0000SERB,"Pets, pet products and services in U.S. city average, all urban consumers, seasonally adjusted"
CUSR0000SERB01,"Pets and pet products in U.S. city average, all urban consumers, seasonally adjusted"
CUSR0000SERB02,"Pet services including veterinary in U.S. city average, all urban consumers, seasonally adjusted"
CUSR0000SERC,"Sporting goods in U.S. city average, all urban consumers, seasonally adjusted"
CUSR0000SERC01,"Sports vehicles including bicycles in U.S. city average, all urban consumers, seasonally adjusted"
CUSR0000SERC02,"Sports equipment in U.S. city average, all urban consumers, seasonally adjusted"
CUSR0000SERD,"Photography in U.S. city average, all urban consumers, seasonally adjusted"
CUSR0000SERD01,"Photographic equipment and supplies in U.S. city average, all urban consumers, seasonally adjusted"
CUSR0000SERE,"Other recreational goods in U.S. city average, all urban consumers, seasonally adjusted"
CUSR0000SERE01,"Toys in U.S. city average, all urban consumers, seasonally adjusted"
CUSR0000SERE02,"Sewing machines, fabric and supplies in U.S. city average, all urban consumers, seasonally adjusted"
CUSR0000SERE03,"Music instruments and accessories in U.S. city average, all urban consumers, seasonally adjusted"
CUSR0000SERF,"Other recreation services in U.S. city average, all urban consumers, seasonally adjusted"
CUSR0000SERF01,"Club membership for shopping clubs, fraternal, or other organizations, or participant sports fees in U.S. city average, all urban consumers, seasonally adjusted"
CUSR0000SERF02,"Admissions in U.S. city average, all urban consumers, seasonally adjusted"
CUSR0000SERF03,"Fees for lessons or instructions in U.S. city average, all urban consumers, seasonally adjusted"
CUSR0000SERG,"Recreational reading materials in U.S. city average, all urban consumers, seasonally adjusted"
CUSR0000SETA,"New and used motor vehicles in U.S. city average, all urban consumers, seasonally adjusted"
CUSR0000SETA01,"New vehicles in U.S. city average, all urban consumers, seasonally adjusted"
CUSR0000SETA02,"Used cars and trucks in U.S. city average, all urban consumers, seasonally adjusted"
CUSR0000SETA03,"Leased cars and trucks in U.S. city average, all urban consumers, seasonally adjusted"
CUSR0000SETA04,"Car and truck rental in U.S. city average, all urban consumers, seasonally adjusted"
CUSR0000SETB,"Motor fuel in U.S. city average, all urban consumers, seasonally adjusted"
CUSR0000SETB01,"Gasoline (all types) in U.S. city average, all urban consumers, seasonally adjusted"
CUSR0000SETB02,"Other motor fuels in U.S. city average, all urban consumers, seasonally adjusted"
CUSR0000SETC,"Motor vehicle parts and equipment in U.S. city average, all urban consumers, seasonally adjusted"
CUSR0000SETC01,"Tires in U.S. city average, all urban consumers, seasonally adjusted"
CUSR0000SETD,"Motor vehicle maintenance and repair in U.S. city average, all urban consumers, seasonally adjusted"
CUSR0000SETD03,"Motor vehicle repair in U.S. city average, all urban consumers, seasonally adjusted"
CUSR0000SETE,"Motor vehicle insurance in U.S. city average, all urban consumers, seasonally adjusted"
CUSR0000SETF03,"Parking and other fees in U.S. city average, all urban consumers, seasonally adjusted"
CUSR0000SETG,"Public transportation in U.S. city average, all urban consumers, seasonally adjusted"
CUSR0000SETG01,"Airline fares in U.S. city average, all urban consumers, seasonally adjusted"
CUSR0000SETG02,"Other intercity transportation in U.S. city average, all urban consumers, seasonally adjusted"
CUSR0000SS02042,"Cookies in U.S. city average, all urban consumers, seasonally adjusted"
CUSR0000SS0206A,"Crackers, bread, and cracker products in U.S. city average, all urban consumers, seasonally adjusted"
CUSR0000SS0206B,"Frozen and refrigerated bakery products, pies, tarts, turnovers in U.S. city average, all urban consumers, seasonally adjusted"
CUSR0000SS04011,"Bacon and related products in U.S. city average, all urban consumers, seasonally adjusted"
CUSR0000SS04012,"Breakfast sausage and related products in U.S. city average, all urban consumers, seasonally adjusted"
CUSR0000SS04031,"Ham, excluding canned in U.S. city average, all urban consumers, seasonally adjusted"
CUSR0000SS05011,"Frankfurters in U.S. city average, all urban consumers, seasonally adjusted"
CUSR0000SS0501A,"Lunchmeats in U.S. city average, all urban consumers, seasonally adjusted"
CUSR0000SS06011,"Fresh whole chicken in U.S. city average, all urban consumers, seasonally adjusted"
CUSR0000SS07011,"Shelf stable fish and seafood in U.S. city average, all urban consumers, seasonally adjusted"
CUSR0000SS07021,"Frozen fish and seafood in U.S. city average, all urban consumers, seasonally adjusted"
CUSR0000SS09011,"Fresh whole milk in U.S. city average, all urban consumers, seasonally adjusted"
CUSR0000SS09021,"Fresh milk other than whole in U.S. city average, all urban consumers, seasonally adjusted"
CUSR0000SS10011,"Butter in U.S. city average, all urban consumers, seasonally adjusted"
CUSR0000SS11031,"Oranges, including tangerines in U.S. city average, all urban consumers, seasonally adjusted"
CUSR0000SS13031,"Canned fruits in U.S. city average, all urban consumers, seasonally adjusted"
CUSR0000SS14011,"Frozen vegetables in U.S. city average, all urban consumers, seasonally adjusted"
CUSR0000SS14021,"Canned vegetables in U.S. city average, all urban consumers, seasonally adjusted"
CUSR0000SS16011,"Margarine in U.S. city average, all urban consumers, seasonally adjusted"
CUSR0000SS17031,"Roasted coffee in U.S. city average, all urban consumers, seasonally adjusted"
CUSR0000SS18041,"Salt and other seasonings and spices in U.S. city average, all urban consumers, seasonally adjusted"
CUSR0000SS18043,"Sauces and gravies in U.S. city average, all urban consumers, seasonally adjusted"
CUSR0000SS1804B,"Other condiments in U.S. city average, all urban consumers, seasonally adjusted"
CUSR0000SS18064,"Prepared salads in U.S. city average, all urban consumers, seasonally adjusted"
CUSR0000SS20021,"Whiskey at home in U.S. city average, all urban consumers, seasonally adjusted"
CUSR0000SS20022,"Distilled spirits, excluding whiskey, at home in U.S. city average, all urban consumers, seasonally adjusted"
CUSR0000SS20053,"Distilled spirits away from home in U.S. city average, all urban consumers, seasonally adjusted"
CUSR0000SS30021,"Laundry equipment in U.S. city average, all urban consumers, seasonally adjusted"
CUSR0000SS33032,"Stationery, stationery supplies, gift wrap in U.S. city average, all urban consumers, seasonally adjusted"
CUSR0000SS45011,"New cars in U.S. city average, all urban consumers, seasonally adjusted"
CUSR0000SS4501A,"New cars and trucks in U.S. city average, all urban consumers, seasonally adjusted"
CUSR0000SS45021,"New trucks in U.S. city average, all urban consumers, seasonally adjusted"
CUSR0000SS45031,"New motorcycles in U.S. city average, all urban consumers, seasonally adjusted"
CUSR0000SS47014,"Gasoline, unleaded regular in U.S. city average, all urban consumers, seasonally adjusted"
CUSR0000SS47015,"Gasoline, unleaded midgrade in U.S. city average, all urban consumers, seasonally adjusted"
CUSR0000SS47016,"Gasoline, unleaded premium in U.S. city average, all urban consumers, seasonally adjusted"
CUSR0000SS52051,"Parking fees and tolls in U.S. city average, all urban consumers, seasonally adjusted"
CUSR0000SS53022,"Intercity train fare in U.S. city average, all urban consumers, seasonally adjusted"
CUSR0000SS53023,"Ship fare in U.S. city average, all urban consumers, seasonally adjusted"
CUSR0000SS5702,"Inpatient hospital services in U.S. city average, all urban consumers, seasonally adjusted"
CUSR0000SS5703,"Outpatient hospital services in U.S. city average, all urban consumers, seasonally adjusted"
CUSR0000SS61011,"Toys, games, hobbies and playground equipment in U.S. city average, all urban consumers, seasonally adjusted"
CUSR0000SS61023,"Photographic equipment in U.S. city average, all urban consumers, seasonally adjusted"
CUSR0000SS61031,"Pet food in U.S. city average, all urban consumers, seasonally adjusted"
CUSR0000SS61032,"Purchase of pets, pet supplies, accessories in U.S. city average, all urban consumers, seasonally adjusted"
CUSR0000SS62031,"Admission to movies, theaters, and concerts in U.S. city average, all urban consumers, seasonally adjusted"
CUSR0000SS62032,"Admission to sporting events in U.S. city average, all urban consumers, seasonally adjusted"
CUSR0000SS62053,"Pet services in U.S. city average, all urban consumers, seasonally adjusted"
CUSR0000SS62054,"Veterinarian services in U.S. city average, all urban consumers, seasonally adjusted"
CUSR0000SS68023,"Tax return preparation and other accounting fees in U.S. city average, all urban consumers, seasonally adjusted"
CUSR0000SSFV031A,"Food at elementary and secondary schools in U.S. city average, all urban consumers, seasonally adjusted"
CUUR0000AA0,"All items - old base in U.S. city average, all urban consumers, not seasonally adjusted"
CUUR0000AA0R,"Purchasing power of the consumer dollar - old base in U.S. city average, all urban consumers, not seasonally adjusted"
CUUR0000SA0,"All items in U.S. city average, all urban consumers, not seasonally adjusted"
CUUR0000SA0E,"Energy in U.S. city average, all urban consumers, not seasonally adjusted"
CUUR0000SA0L1,"All items less food in U.S. city average, all urban consumers, not seasonally adjusted"
CUUR0000SA0L12,"All items less food and shelter in U.S. city average, all urban consumers, not seasonally adjusted"
CUUR0000SA0L12E,"All items less food, shelter, and energy in U.S. city average, all urban consumers, not seasonally adjusted"
CUUR0000SA0L12E4,"All items less food, shelter, energy, and used cars and trucks in U.S. city average, all urban consumers, not seasonally adjusted"
CUUR0000SA0L1E,"All items less food and energy in U.S. city average, all urban consumers, not seasonally adjusted"
CUUR0000SA0L2,"All items less shelter in U.S. city average, all urban consumers, not seasonally adjusted"
CUUR0000SA0L5,"All items  less medical care in U.S. city average, all urban consumers, not seasonally adjusted"
CUUR0000SA0LE,"All items less energy in U.S. city average, all urban consumers, not seasonally adjusted"
CUUR0000SA0R,"Purchasing power of the consumer dollar in U.S. city average, all urban consumers, not seasonally adjusted"
CUUR0000SA311,"Apparel less footwear in U.S. city average, all urban consumers, not seasonally adjusted"
CUUR0000SAA,"Apparel in U.S. city average, all urban consumers, not seasonally adjusted"
CUUR0000SAA1,"Men's and boys' apparel in U.S. city average, all urban consumers, not seasonally adjusted"
CUUR0000SAA2,"Women's and girls' apparel in U.S. city average, all urban consumers, not seasonally adjusted"
CUUR0000SAC,"Commodities in U.S. city average, all urban consumers, not seasonally adjusted"
CUUR0000SACE,"Energy commodities in U.S. city average, all urban consumers, not seasonally adjusted"
CUUR0000SACL1,"Commodities less food in U.S. city average, all urban consumers, not seasonally adjusted"
CUUR0000SACL11,"Commodities less food and beverages in U.S. city average, all urban consumers, not seasonally adjusted"
CUUR0000SACL1E,"Commodities less food and energy commodities in U.S. city average, all urban consumers, not seasonally adjusted"
CUUR0000SACL1E4,"Commodities less food, energy, and used cars and trucks in U.S. city average, all urban consumers, not seasonally adjusted"
CUUR0000SAD,"Durables in U.S. city average, all urban consumers, not seasonally adjusted"
CUUR0000SAE,"Education and communication in U.S. city average, all urban consumers, not seasonally adjusted"
CUUR0000SAE1,"Education in U.S. city average, all urban consumers, not seasonally adjusted"
CUUR0000SAE2,"Communication in U.S. city average, all urban consumers, not seasonally adjusted"
CUUR0000SAE21,"Information and information processing in U.S. city average, all urban consumers, not seasonally adjusted"
CUUR0000SAEC,"Education and communication commodities in U.S. city average, all urban consumers, not seasonally adjusted"
CUUR0000SAES,"Education and communication services in U.S. city average, all urban consumers, not seasonally adjusted"
CUUR0000SAF,"Food and beverages in U.S. city average, all urban consumers, not seasonally adjusted"
CUUR0000SAF1,"Food in U.S. city average, all urban consumers, not seasonally adjusted"
CUUR0000SAF11,"Food at home in U.S. city average, all urban consumers, not seasonally adjusted"
CUUR0000SAF111,"Cereals and bakery products in U.S. city average, all urban consumers, not seasonally adjusted"
CUUR0000SAF112,"Meats, poultry, fish, and eggs in U.S. city average, all urban consumers, not seasonally adjusted"
CUUR0000SAF1121,"Meats, poultry, and fish in U.S. city average, all urban consumers, not seasonally adjusted"
CUUR0000SAF11211,"Meats in U.S. city average, all urban consumers, not seasonally adjusted"
CUUR0000SAF113,"Fruits and vegetables in U.S. city average, all urban consumers, not seasonally adjusted"
CUUR0000SAF1131,"Fresh fruits and vegetables in U.S. city average, all urban consumers, not seasonally adjusted"
CUUR0000SAF114,"Nonalcoholic beverages and beverage materials in U.S. city average, all urban consumers, not seasonally adjusted"
CUUR0000SAF115,"Other food at home in U.S. city average, all urban consumers, not seasonally adjusted"
CUUR0000SAF116,"Alcoholic beverages in U.S. city average, all urban consumers, not seasonally adjusted"
CUUR0000SAG,"Other goods and services in U.S. city average, all urban consumers, not seasonally adjusted"
CUUR0000SAG1,"Personal care in U.S. city average, all urban consumers, not seasonally adjusted"
CUUR0000SAGC,"Other goods in U.S. city average, all urban consumers, not seasonally adjusted"
CUUR0000SAGS,"Other personal services in U.S. city average, all urban consumers, not seasonally adjusted"
CUUR0000SAH,"Housing in U.S. city average, all urban consumers, not seasonally adjusted"
CUUR0000SAH1,"Shelter in U.S. city average, all urban consumers, not seasonally adjusted"
CUUR0000SAH2,"Fuels and utilities in U.S. city average, all urban consumers, not seasonally adjusted"
CUUR0000SAH21,"Household energy in U.S. city average, all urban consumers, not seasonally adjusted"
CUUR0000SAH3,"Household furnishings and operations in U.S. city average, all urban consumers, not seasonally adjusted"
CUUR0000SAH31,"Household furnishings and supplies in U.S. city average, all urban consumers, not seasonally adjusted"
CUUR0000SAM,"Medical care in U.S. city average, all urban consumers, not seasonally adjusted"
CUUR0000SAM1,"Medical care commodities in U.S. city average, all urban consumers, not seasonally adjusted"
CUUR0000SAM2,"Medical care services in U.S. city average, all urban consumers, not seasonally adjusted"
CUUR0000SAN,"Nondurables in U.S. city average, all urban consumers, not seasonally adjusted"
CUUR0000SAN1D,"Domestically produced farm food in U.S. city average, all urban consumers, not seasonally adjusted"
CUUR0000SANL1,"Nondurables less food in U.S. city average, all urban consumers, not seasonally adjusted"
CUUR0000SANL11,"Nondurables less food and beverages in U.S. city average, all urban consumers, not seasonally adjusted"
CUUR0000SANL113,"Nondurables less food, beverages, and apparel in U.S. city average, all urban consumers, not seasonally adjusted"
CUUR0000SANL13,"Nondurables less food and apparel in U.S. city average, all urban consumers, not seasonally adjusted"
CUUR0000SAR,"Recreation in U.S. city average, all urban consumers, not seasonally adjusted"
CUUR0000SARC,"Recreation commodities in U.S. city average, all urban consumers, not seasonally adjusted"
CUUR0000SARS,"Recreation services in U.S. city average, all urban consumers, not seasonally adjusted"
CUUR0000SAS,"Services in U.S. city average, all urban consumers, not seasonally adjusted"
CUUR0000SAS24,"Utilities and public transportation in U.S. city average, all urban consumers, not seasonally adjusted"
CUUR0000SAS2RS,"Rent of shelter in U.S. city average, all urban consumers, not seasonally adjusted"
CUUR0000SAS367,"Other services in U.S. city average, all urban consumers, not seasonally adjusted"
CUUR0000SAS4,"Transportation services in U.S. city average, all urban consumers, not seasonally adjusted"
CUUR0000SASL2RS,"Services less rent of shelter in U.S. city average, all urban consumers, not seasonally adjusted"
CUUR0000SASL5,"Services less medical care services in U.S. city average, all urban consumers, not seasonally adjusted"
CUUR0000SASLE,"Services less energy services in U.S. city average, all urban consumers, not seasonally adjusted"
CUUR0000SAT,"Transportation in U.S. city average, all urban consumers, not seasonally adjusted"
CUUR0000SAT1,"Private transportation in U.S. city average, all urban consumers, not seasonally adjusted"
CUUR0000SATCLTB,"Transportation commodities less motor fuel in U.S. city average, all urban consumers, not seasonally adjusted"
CUUR0000SEAA,"Men's apparel in U.S. city average, all urban consumers, not seasonally adjusted"
CUUR0000SEAA01,"Men's suits, sport coats, and outerwear in U.S. city average, all urban consumers, not seasonally adjusted"
CUUR0000SEAA02,"Men's underwear, nightwear, swimwear, and accessories in U.S. city average, all urban consumers, not seasonally adjusted"
CUUR0000SEAA03,"Men's shirts and sweaters in U.S. city average, all urban consumers, not seasonally adjusted"
CUUR0000SEAA04,"Men's pants and shorts in U.S. city average, all urban consumers, not seasonally adjusted"
CUUR0000SEAB,"Boys' apparel in U.S. city average, all urban consumers, not seasonally adjusted"
CUUR0000SEAC,"Women's apparel in U.S. city average, all urban consumers, not seasonally adjusted"
CUUR0000SEAC01,"Women's outerwear in U.S. city average, all urban consumers, not seasonally adjusted"
CUUR0000SEAC02,"Women's dresses in U.S. city average, all urban consumers, not seasonally adjusted"
CUUR0000SEAC03,"Women's suits and separates in U.S. city average, all urban consumers, not seasonally adjusted"
CUUR0000SEAC04,"Women's underwear, nightwear, swimwear, and accessories in U.S. city average, all urban consumers, not seasonally adjusted"
CUUR0000SEAD,"Girls' apparel in U.S. city average, all urban consumers, not seasonally adjusted"
CUUR0000SEAE,"Footwear in U.S. city average, all urban consumers, not seasonally adjusted"
CUUR0000SEAE01,"Men's footwear in U.S. city average, all urban consumers, not seasonally adjusted"
CUUR0000SEAE02,"Boys' and girls' footwear in U.S. city average, all urban consumers, not seasonally adjusted"
CUUR0000SEAE03,"Women's footwear in U.S. city average, all urban consumers, not seasonally adjusted"
CUUR0000SEAF,"Infants' and toddlers' apparel in U.S. city average, all urban consumers, not seasonally adjusted"
CUUR0000SEAG,"Jewelry and watches in U.S. city average, all urban consumers, not seasonally adjusted"
CUUR0000SEAG01,"Watches in U.S. city average, all urban consumers, not seasonally adjusted"
CUUR0000SEAG02,"Jewelry in U.S. city average, all urban consumers, not seasonally adjusted"
CUUR0000SEEA,"Educational books and supplies in U.S. city average, all urban consumers, not seasonally adjusted"
CUUR0000SEEB,"Tuition, other school fees, and childcare in U.S. city average, all urban consumers, not seasonally adjusted"
CUUR0000SEEB01,"College tuition and fees in U.S. city average, all urban consumers, not seasonally adjusted"
CUUR0000SEEB02,"Elementary and high school tuition and fees in U.S. city average, all urban consumers, not seasonally adjusted"
CUUR0000SEEB03,"Day care and preschool in U.S. city average, all urban consumers, not seasonally adjusted"
CUUR0000SEEB04,"Technical and business school tuition and fees in U.S. city average, all urban consumers, not seasonally adjusted"
CUUR0000SEEC,"Postage and delivery services in U.S. city average, all urban consumers, not seasonally adjusted"
CUUR0000SEEC01,"Postage in U.S. city average, all urban consumers, not seasonally adjusted"
CUUR0000SEEC02,"Delivery services in U.S. city average, all urban consumers, not seasonally adjusted"
CUUR0000SEED,"Telephone services in U.S. city average, all urban consumers, not seasonally adjusted"
CUUR0000SEED03,"Wireless telephone services in U.S. city average, all urban consumers, not seasonally adjusted"
CUUR0000SEED04,"Residential telephone services in U.S. city average, all urban consumers, not seasonally adjusted"
CUUR0000SEEE,"Information technology, hardware and services in U.S. city average, all urban consumers, not seasonally adjusted"
CUUR0000SEEE01,"Computers, peripherals, and smart home assistants in U.S. city average, all urban consumers, not seasonally adjusted"
CUUR0000SEEE02,"Computer software and accessories in U.S. city average, all urban consumers, not seasonally adjusted"
CUUR0000SEEE03,"Internet services and electronic information providers in U.S. city average, all urban consumers, not seasonally adjusted"
CUUR0000SEEE04,"Telephone hardware, calculators, and other consumer information items in U.S. city average, all urban consumers, not seasonally adjusted"
CUUR0000SEEEC,"Information technology commodities in U.S. city average, all urban consumers, not seasonally adjusted"
CUUR0000SEFA,"Cereals and cereal products in U.S. city average, all urban consumers, not seasonally adjusted"
CUUR0000SEFA01,"Flour and prepared flour mixes in U.S. city average, all urban consumers, not seasonally adjusted"
CUUR0000SEFA02,"Breakfast cereal in U.S. city average, all urban consumers, not seasonally adjusted"
CUUR0000SEFA03,"Rice, pasta, cornmeal in U.S. city average, all urban consumers, not seasonally adjusted"
CUUR0000SEFB,"Bakery products in U.S. city average, all urban consumers, not seasonally adjusted"
CUUR0000SEFB01,"Bread in U.S. city average, all urban consumers, not seasonally adjusted"
CUUR0000SEFB02,"Fresh biscuits, rolls, muffins in U.S. city average, all urban consumers, not seasonally adjusted"
CUUR0000SEFB03,"Cakes, cupcakes, and cookies in U.S. city average, all urban consumers, not seasonally adjusted"
CUUR0000SEFB04,"Other bakery products in U.S. city average, all urban consumers, not seasonally adjusted"
CUUR0000SEFC,"Beef and veal in U.S. city average, all urban consumers, not seasonally adjusted"
CUUR0000SEFC01,"Uncooked ground beef in U.S. city average, all urban consumers, not seasonally adjusted"
CUUR0000SEFC02,"Uncooked beef roasts in U.S. city average, all urban consumers, not seasonally adjusted"
CUUR0000SEFC03,"Uncooked beef steaks in U.S. city average, all urban consumers, not seasonally adjusted"
CUUR0000SEFC04,"Uncooked other beef and veal in U.S. city average, all urban consumers, not seasonally adjusted"
CUUR0000SEFD,"Pork in U.S. city average, all urban consumers, not seasonally adjusted"
CUUR0000SEFD01,"Bacon, breakfast sausage, and related products in U.S. city average, all urban consumers, not seasonally adjusted"
CUUR0000SEFD02,"Ham in U.S. city average, all urban consumers, not seasonally adjusted"
CUUR0000SEFD03,"Pork chops in U.S. city average, all urban consumers, not seasonally adjusted"
CUUR0000SEFD04,"Other pork including roasts, steaks, and ribs in U.S. city average, all urban consumers, not seasonally adjusted"
CUUR0000SEFE,"Other meats in U.S. city average, all urban consumers, not seasonally adjusted"
CUUR0000SEFF,"Poultry in U.S. city average, all urban consumers, not seasonally adjusted"
CUUR0000SEFF01,"Chicken in U.S. city average, all urban consumers, not seasonally adjusted"
CUUR0000SEFF02,"Other uncooked poultry including turkey in U.S. city average, all urban consumers, not seasonally adjusted"
CUUR0000SEFG,"Fish and seafood in U.S. city average, all urban consumers, not seasonally adjusted"
CUUR0000SEFG01,"Fresh fish and seafood in U.S. city average, all urban consumers, not seasonally adjusted"
CUUR0000SEFG02,"Processed fish and seafood in U.S. city average, all urban consumers, not seasonally adjusted"
CUUR0000SEFH,"Eggs in U.S. city average, all urban consumers, not seasonally adjusted"
CUUR0000SEFJ,"Dairy and related products in U.S. city average, all urban consumers, not seasonally adjusted"
CUUR0000SEFJ01,"Milk in U.S. city average, all urban consumers, not seasonally adjusted"
CUUR0000SEFJ02,"Cheese and related products in U.S. city average, all urban consumers, not seasonally adjusted"
CUUR0000SEFJ03,"Ice cream and related products in U.S. city average, all urban consumers, not seasonally adjusted"
CUUR0000SEFJ04,"Other dairy and related products in U.S. city average, all urban consumers, not seasonally adjusted"
CUUR0000SEFK,"Fresh fruits in U.S. city average, all urban consumers, not seasonally adjusted"
CUUR0000SEFK01,"Apples in U.S. city average, all urban consumers, not seasonally adjusted"
CUUR0000SEFK02,"Bananas in U.S. city average, all urban consumers, not seasonally adjusted"
CUUR0000SEFK03,"Citrus fruits in U.S. city average, all urban consumers, not seasonally adjusted"
CUUR0000SEFK04,"Other fresh fruits in U.S. city average, all urban consumers, not seasonally adjusted"
CUUR0000SEFL,"Fresh vegetables in U.S. city average, all urban consumers, not seasonally adjusted"
CUUR0000SEFL01,"Potatoes in U.S. city average, all urban consumers, not seasonally adjusted"
CUUR0000SEFL02,"Lettuce in U.S. city average, all urban consumers, not seasonally adjusted"
CUUR0000SEFL03,"Tomatoes in U.S. city average, all urban consumers, not seasonally adjusted"
CUUR0000SEFL04,"Other fresh vegetables in U.S. city average, all urban consumers, not seasonally adjusted"
CUUR0000SEFM,"Processed fruits and vegetables in U.S. city average, all urban consumers, not seasonally adjusted"
CUUR0000SEFM01,"Canned fruits and vegetables in U.S. city average, all urban consumers, not seasonally adjusted"
CUUR0000SEFM02,"Frozen fruits and vegetables in U.S. city average, all urban consumers, not seasonally adjusted"
CUUR0000SEFM03,"Other processed fruits and vegetables including dried in U.S. city average, all urban consumers, not seasonally adjusted"
CUUR0000SEFN,"Juices and nonalcoholic drinks in U.S. city average, all urban consumers, not seasonally adjusted"
CUUR0000SEFN01,"Carbonated drinks in U.S. city average, all urban consumers, not seasonally adjusted"
CUUR0000SEFN02,"Frozen noncarbonated juices and drinks in U.S. city average, all urban consumers, not seasonally adjusted"
CUUR0000SEFN03,"Nonfrozen noncarbonated juices and drinks in U.S. city average, all urban consumers, not seasonally adjusted"
CUUR0000SEFP,"Beverage materials including coffee and tea in U.S. city average, all urban consumers, not seasonally adjusted"
CUUR0000SEFP01,"Coffee in U.S. city average, all urban consumers, not seasonally adjusted"
CUUR0000SEFP02,"Other beverage materials including tea in U.S. city average, all urban consumers, not seasonally adjusted"
CUUR0000SEFR,"Sugar and sweets in U.S. city average, all urban consumers, not seasonally adjusted"
CUUR0000SEFR01,"Sugar and sugar substitutes in U.S. city average, all urban consumers, not seasonally adjusted"
CUUR0000SEFR02,"Candy and chewing gum in U.S. city average, all urban consumers, not seasonally adjusted"
CUUR0000SEFR03,"Other sweets in U.S. city average, all urban consumers, not seasonally adjusted"
CUUR0000SEFS,"Fats and oils in U.S. city average, all urban consumers, not seasonally adjusted"
CUUR0000SEFS01,"Butter and margarine in U.S. city average, all urban consumers, not seasonally adjusted"
CUUR0000SEFS02,"Salad dressing in U.S. city average, all urban consumers, not seasonally adjusted"
CUUR0000SEFS03,"Other fats and oils including peanut butter in U.S. city average, all urban consumers, not seasonally adjusted"
CUUR0000SEFT,"Other foods in U.S. city average, all urban consumers, not seasonally adjusted"
CUUR0000SEFT01,"Soups in U.S. city average, all urban consumers, not seasonally adjusted"
CUUR0000SEFT02,"Frozen and freeze dried prepared foods in U.S. city average, all urban consumers, not seasonally adjusted"
CUUR0000SEFT03,"Snacks in U.S. city average, all urban consumers, not seasonally adjusted"
CUUR0000SEFT04,"Spices, seasonings, condiments, sauces in U.S. city average, all urban consumers, not seasonally adjusted"
CUUR0000SEFT05,"Baby Food and Formula in U.S. city average, all urban consumers, not seasonally adjusted"
CUUR0000SEFT06,"Other miscellaneous foods in U.S. city average, all urban consumers, not seasonally adjusted"
CUUR0000SEFV,"Food away from home in U.S. city average, all urban consumers, not seasonally adjusted"
CUUR0000SEFV01,"Full service meals and snacks in U.S. city average, all urban consumers, not seasonally adjusted"
CUUR0000SEFV02,"Limited service meals and snacks in U.S. city average, all urban consumers, not seasonally adjusted"
CUUR0000SEFV03,"Food at employee sites and schools in U.S. city average, all urban consumers, not seasonally adjusted"
CUUR0000SEFV04,"Food from vending machines and mobile vendors in U.S. city average, all urban consumers, not seasonally adjusted"
CUUR0000SEFV05,"Other food away from home in U.S. city average, all urban consumers, not seasonally adjusted"
CUUR0000SEFW,"Alcoholic beverages at home in U.S. city average, all urban consumers, not seasonally adjusted"
CUUR0000SEFW01,"Beer, ale, and other malt beverages at home in U.S. city average, all urban consumers, not seasonally adjusted"
CUUR0000SEFW02,"Distilled spirits at home in U.S. city average, all urban consumers, not seasonally adjusted"
CUUR0000SEFW03,"Wine at home in U.S. city average, all urban consumers, not seasonally adjusted"
CUUR0000SEFX,"Alcoholic beverages away from home in U.S. city average, all urban consumers, not seasonally adjusted"
CUUR0000SEGA,"Tobacco and smoking products in U.S. city average, all urban consumers, not seasonally adjusted"
CUUR0000SEGA01,"Cigarettes in U.S. city average, all urban consumers, not seasonally adjusted"
CUUR0000SEGA02,"Tobacco products other than cigarettes in U.S. city average, all urban consumers, not seasonally adjusted"
CUUR0000SEGB,"Personal care products in U.S. city average, all urban consumers, not seasonally adjusted"
CUUR0000SEGB01,"Hair, dental, shaving, and miscellaneous personal care products in U.S. city average, all urban consumers, not seasonally adjusted"
CUUR0000SEGB02,"Cosmetics, perfume, bath, nail preparations and implements in U.S. city average, all urban consumers, not seasonally adjusted"
CUUR0000SEGC,"Personal care services in U.S. city average, all urban consumers, not seasonally adjusted"
CUUR0000SEGC01,"Haircuts and other personal care services in U.S. city average, all urban consumers, not seasonally adjusted"
CUUR0000SEGD,"Miscellaneous personal services in U.S. city average, all urban consumers, not seasonally adjusted"
CUUR0000SEGD01,"Legal services in U.S. city average, all urban consumers, not seasonally adjusted"
CUUR0000SEGD02,"Funeral expenses in U.S. city average, all urban consumers, not seasonally adjusted"
CUUR0000SEGD03,"Laundry and dry cleaning services in U.S. city average, all urban consumers, not seasonally adjusted"
CUUR0000SEGD04,"Apparel services other than laundry and dry cleaning in U.S. city average, all urban consumers, not seasonally adjusted"
CUUR0000SEGD05,"Financial services in U.S. city average, all urban consumers, not seasonally adjusted"
CUUR0000SEGE,"Miscellaneous personal goods in U.S. city average, all urban consumers, not seasonally adjusted"
CUUR0000SEHA,"Rent of primary residence in U.S. city average, all urban consumers, not seasonally adjusted"
CUUR0000SEHB,"Lodging away from home in U.S. city average, all urban consumers, not seasonally adjusted"
CUUR0000SEHB01,"Housing at school, excluding board in U.S. city average, all urban consumers, not seasonally adjusted"
CUUR0000SEHB02,"Other lodging away from home including hotels and motels in U.S. city average, all urban consumers, not seasonally adjusted"
CUUR0000SEHC,"Owners' equivalent rent of residences in U.S. city average, all urban consumers, not seasonally adjusted"
CUUR0000SEHC01,"Owners' equivalent rent of primary residence in U.S. city average, all urban consumers, not seasonally adjusted"
CUUR0000SEHD,"Tenants' and household insurance in U.S. city average, all urban consumers, not seasonally adjusted"
CUUR0000SEHE,"Fuel oil and other fuels in U.S. city average, all urban consumers, not seasonally adjusted"
CUUR0000SEHE01,"Fuel oil in U.S. city average, all urban consumers, not seasonally adjusted"
CUUR0000SEHE02,"Propane, kerosene, and firewood in U.S. city average, all urban consumers, not seasonally adjusted"
CUUR0000SEHF,"Energy services in U.S. city average, all urban consumers, not seasonally adjusted"
CUUR0000SEHF01,"Electricity in U.S. city average, all urban consumers, not seasonally adjusted"
CUUR0000SEHF02,"Utility (piped) gas service in U.S. city average, all urban consumers, not seasonally adjusted"
CUUR0000SEHG,"Water and sewer and trash collection services in U.S. city average, all urban consumers, not seasonally adjusted"
CUUR0000SEHG01,"Water and sewerage maintenance in U.S. city average, all urban consumers, not seasonally adjusted"
CUUR0000SEHG02,"Garbage and trash collection in U.S. city average, all urban consumers, not seasonally adjusted"
CUUR0000SEHH,"Window and floor coverings and other linens in U.S. city average, all urban consumers, not seasonally adjusted"
CUUR0000SEHH01,"Floor coverings in U.S. city average, all urban consumers, not seasonally adjusted"
CUUR0000SEHH02,"Window coverings in U.S. city average, all urban consumers, not seasonally adjusted"
CUUR0000SEHH03,"Other linens in U.S. city average, all urban consumers, not seasonally adjusted"
CUUR0000SEHJ,"Furniture and bedding in U.S. city average, all urban consumers, not seasonally adjusted"
CUUR0000SEHJ01,"Bedroom furniture in U.S. city average, all urban consumers, not seasonally adjusted"
CUUR0000SEHJ02,"Living room, kitchen, and dining room furniture in U.S. city average, all urban consumers, not seasonally adjusted"
CUUR0000SEHJ03,"Other furniture in U.S. city average, all urban consumers, not seasonally adjusted"
CUUR0000SEHK,"Appliances in U.S. city average, all urban consumers, not seasonally adjusted"
CUUR0000SEHK01,"Major appliances in U.S. city average, all urban consumers, not seasonally adjusted"
CUUR0000SEHK02,"Other appliances in U.S. city average, all urban consumers, not seasonally adjusted"
CUUR0000SEHL,"Other household equipment and furnishings in U.S. city average, all urban consumers, not seasonally adjusted"
CUUR0000SEHL01,"Clocks, lamps, and decorator items in U.S. city average, all urban consumers, not seasonally adjusted"
CUUR0000SEHL02,"Indoor plants and flowers in U.S. city average, all urban consumers, not seasonally adjusted"
CUUR0000SEHL03,"Dishes and flatware in U.S. city average, all urban consumers, not seasonally adjusted"
CUUR0000SEHL04,"Nonelectric cookware and tableware in U.S. city average, all urban consumers, not seasonally adjusted"
CUUR0000SEHM,"Tools, hardware, outdoor equipment and supplies in U.S. city average, all urban consumers, not seasonally adjusted"
CUUR0000SEHM01,"Tools, hardware and supplies in U.S. city average, all urban consumers, not seasonally adjusted"
CUUR0000SEHM02,"Outdoor equipment and supplies in U.S. city average, all urban consumers, not seasonally adjusted"
CUUR0000SEHN,"Housekeeping supplies in U.S. city average, all urban consumers, not seasonally adjusted"
CUUR0000SEHN01,"Household cleaning products in U.S. city average, all urban consumers, not seasonally adjusted"
CUUR0000SEHN02,"Household paper products in U.S. city average, all urban consumers, not seasonally adjusted"
CUUR0000SEHN03,"Miscellaneous household products in U.S. city average, all urban consumers, not seasonally adjusted"
CUUR0000SEHP,"Household operations in U.S. city average, all urban consumers, not seasonally adjusted"
CUUR0000SEHP01,"Domestic services in U.S. city average, all urban consumers, not seasonally adjusted"
CUUR0000SEHP02,"Gardening and lawncare services in U.S. city average, all urban consumers, not seasonally adjusted"
CUUR0000SEHP03,"Moving, storage, freight expense in U.S. city average, all urban consumers, not seasonally adjusted"
CUUR0000SEHP04,"Repair of household items in U.S. city average, all urban consumers, not seasonally adjusted"
CUUR0000SEMC,"Professional services in U.S. city average, all urban consumers, not seasonally adjusted"
CUUR0000SEMC01,"Physicians' services in U.S. city average, all urban consumers, not seasonally adjusted"
CUUR0000SEMC02,"Dental services in U.S. city average, all urban consumers, not seasonally adjusted"
CUUR0000SEMC03,"Eyeglasses and eye care in U.S. city average, all urban consumers, not seasonally adjusted"
CUUR0000SEMC04,"Services by other medical professionals in U.S. city average, all urban consumers, not seasonally adjusted"
CUUR0000SEMD,"Hospital and related services in U.S. city average, all urban consumers, not seasonally adjusted"
CUUR0000SEMD01,"Hospital services in U.S. city average, all urban consumers, not seasonally adjusted"
CUUR0000SEMD02,"Nursing homes and adult day services in U.S. city average, all urban consumers, not seasonally adjusted"
CUUR0000SEMD03,"Care of invalids and elderly at home in U.S. city average, all urban consumers, not seasonally adjusted"
CUUR0000SEME,"Health insurance in U.S. city average, all urban consumers, not seasonally adjusted"
CUUR0000SEMF,"Medicinal drugs in U.S. city average, all urban consumers, not seasonally adjusted"
CUUR0000SEMF01,"Prescription drugs in U.S. city average, all urban consumers, not seasonally adjusted"
CUUR0000SEMF02,"Nonprescription drugs in U.S. city average, all urban consumers, not seasonally adjusted"
CUUR0000SEMG,"Medical equipment and supplies in U.S. city average, all urban consumers, not seasonally adjusted"
CUUR0000SERA,"Video and audio in U.S. city average, all urban consumers, not seasonally adjusted"
CUUR0000SERA01,"Televisions in U.S. city average, all urban consumers, not seasonally adjusted"
CUUR0000SERA02,"Cable, satellite, and live streaming television service in U.S. city average, all urban consumers, not seasonally adjusted"
CUUR0000SERA03,"Other video equipment in U.S. city average, all urban consumers, not seasonally adjusted"
CUUR0000SERA04,"Purchase, subscription, and rental of video in U.S. city average, all urban consumers, not seasonally adjusted"
CUUR0000SERA05,"Audio equipment in U.S. city average, all urban consumers, not seasonally adjusted"
CUUR0000SERA06,"Recorded music and music subscriptions in U.S. city average, all urban consumers, not seasonally adjusted"
CUUR0000SERAC,"Video and audio products in U.S. city average, all urban consumers, not seasonally adjusted"
CUUR0000SERAS,"Video and audio services in U.S. city average, all urban consumers, not seasonally adjusted"
CUUR0000SERB,"Pets, pet products and services in U.S. city average, all urban consumers, not seasonally adjusted"
CUUR0000SERB01,"Pets and pet products in U.S. city average, all urban consumers, not seasonally adjusted"
CUUR0000SERB02,"Pet services including veterinary in U.S. city average, all urban consumers, not seasonally adjusted"
CUUR0000SERC,"Sporting goods in U.S. city average, all urban consumers, not seasonally adjusted"
CUUR0000SERC01,"Sports vehicles including bicycles in U.S. city average, all urban consumers, not seasonally adjusted"
CUUR0000SERC02,"Sports equipment in U.S. city average, all urban consumers, not seasonally adjusted"
CUUR0000SERD,"Photography in U.S. city average, all urban consumers, not seasonally adjusted"
CUUR0000SERD01,"Photographic equipment and supplies in U.S. city average, all urban consumers, not seasonally adjusted"
CUUR0000SERD02,"Photographers and photo processing in U.S. city average, all urban consumers, not seasonally adjusted"
CUUR0000SERE,"Other recreational goods in U.S. city average, all urban consumers, not seasonally adjusted"
CUUR0000SERE01,"Toys in U.S. city average, all urban consumers, not seasonally adjusted"
CUUR0000SERE02,"Sewing machines, fabric and supplies in U.S. city average, all urban consumers, not seasonally adjusted"
CUUR0000SERE03,"Music instruments and accessories in U.S. city average, all urban consumers, not seasonally adjusted"
CUUR0000SERF,"Other recreation services in U.S. city average, all urban consumers, not seasonally adjusted"
CUUR0000SERF01,"Club membership for shopping clubs, fraternal, or other organizations, or participant sports fees in U.S. city average, all urban consumers, not seasonally adjusted"
CUUR0000SERF02,"Admissions in U.S. city average, all urban consumers, not seasonally adjusted"
CUUR0000SERF03,"Fees for lessons or instructions in U.S. city average, all urban consumers, not seasonally adjusted"
CUUR0000SERG,"Recreational reading materials in U.S. city average, all urban consumers, not seasonally adjusted"
CUUR0000SERG01,"Newspapers and magazines in U.S. city average, all urban consumers, not seasonally adjusted"
CUUR0000SERG02,"Recreational books in U.S. city average, all urban consumers, not seasonally adjusted"
CUUR0000SETA,"New and used motor vehicles in U.S. city average, all urban consumers, not seasonally adjusted"
CUUR0000SETA01,"New vehicles in U.S. city average, all urban consumers, not seasonally adjusted"
CUUR0000SETA02,"Used cars and trucks in U.S. city average, all urban consumers, not seasonally adjusted"
CUUR0000SETA03,"Leased cars and trucks in U.S. city average, all urban consumers, not seasonally adjusted"
CUUR0000SETA04,"Car and truck rental in U.S. city average, all urban consumers, not seasonally adjusted"
CUUR0000SETB,"Motor fuel in U.S. city average, all urban consumers, not seasonally adjusted"
CUUR0000SETB01,"Gasoline (all types) in U.S. city average, all urban consumers, not seasonally adjusted"
CUUR0000SETB02,"Other motor fuels in U.S. city average, all urban consumers, not seasonally adjusted"
CUUR0000SETC,"Motor vehicle parts and equipment in U.S. city average, all urban consumers, not seasonally adjusted"
CUUR0000SETC01,"Tires in U.S. city average, all urban consumers, not seasonally adjusted"
CUUR0000SETC02,"Vehicle accessories other than tires in U.S. city average, all urban consumers, not seasonally adjusted"
CUUR0000SETD,"Motor vehicle maintenance and repair in U.S. city average, all urban consumers, not seasonally adjusted"
CUUR0000SETD01,"Motor vehicle body work in U.S. city average, all urban consumers, not seasonally adjusted"
CUUR0000SETD02,"Motor vehicle maintenance and servicing in U.S. city average, all urban consumers, not seasonally adjusted"
CUUR0000SETD03,"Motor vehicle repair in U.S. city average, all urban consumers, not seasonally adjusted"
CUUR0000SETE,"Motor vehicle insurance in U.S. city average, all urban consumers, not seasonally adjusted"
CUUR0000SETF,"Motor vehicle fees in U.S. city average, all urban consumers, not seasonally adjusted"
CUUR0000SETF01,"State motor vehicle registration and license fees in U.S. city average, all urban consumers, not seasonally adjusted"
CUUR0000SETF03,"Parking and other fees in U.S. city average, all urban consumers, not seasonally adjusted"
CUUR0000SETG,"Public transportation in U.S. city average, all urban consumers, not seasonally adjusted"
CUUR0000SETG01,"Airline fares in U.S. city average, all urban consumers, not seasonally adjusted"
CUUR0000SETG02,"Other intercity transportation in U.S. city average, all urban consumers, not seasonally adjusted"
CUUR0000SETG03,"Intracity transportation in U.S. city average, all urban consumers, not seasonally adjusted"
CUUR0000SS01031,"Rice in U.S. city average, all urban consumers, not seasonally adjusted"
CUUR0000SS02011,"White bread in U.S. city average, all urban consumers, not seasonally adjusted"
CUUR0000SS02021,"Bread other than white in U.S. city average, all urban consumers, not seasonally adjusted"
CUUR0000SS02041,"Fresh cakes and cupcakes in U.S. city average, all urban consumers, not seasonally adjusted"
CUUR0000SS02042,"Cookies in U.S. city average, all urban consumers, not seasonally adjusted"
CUUR0000SS02063,"Fresh sweetrolls, coffeecakes, doughnuts in U.S. city average, all urban consumers, not seasonally adjusted"
CUUR0000SS0206A,"Crackers, bread, and cracker products in U.S. city average, all urban consumers, not seasonally adjusted"
CUUR0000SS0206B,"Frozen and refrigerated bakery products, pies, tarts, turnovers in U.S. city average, all urban consumers, not seasonally adjusted"
CUUR0000SS04011,"Bacon and related products in U.S. city average, all urban consumers, not seasonally adjusted"
CUUR0000SS04012,"Breakfast sausage and related products in U.S. city average, all urban consumers, not seasonally adjusted"
CUUR0000SS04031,"Ham, excluding canned in U.S. city average, all urban consumers, not seasonally adjusted"
CUUR0000SS05011,"Frankfurters in U.S. city average, all urban consumers, not seasonally adjusted"
CUUR0000SS05014,"Lamb and organ meats in U.S. city average, all urban consumers, not seasonally adjusted"
CUUR0000SS05015,"Lamb and mutton in U.S. city average, all urban consumers, not seasonally adjusted"
CUUR0000SS0501A,"Lunchmeats in U.S. city average, all urban consumers, not seasonally adjusted"
CUUR0000SS06011,"Fresh whole chicken in U.S. city average, all urban consumers, not seasonally adjusted"
CUUR0000SS06021,"Fresh and frozen chicken parts in U.S. city average, all urban consumers, not seasonally adjusted"
CUUR0000SS07011,"Shelf stable fish and seafood in U.S. city average, all urban consumers, not seasonally adjusted"
CUUR0000SS07021,"Frozen fish and seafood in U.S. city average, all urban consumers, not seasonally adjusted"
CUUR0000SS09011,"Fresh whole milk in U.S. city average, all urban consumers, not seasonally adjusted"
CUUR0000SS09021,"Fresh milk other than whole in U.S. city average, all urban consumers, not seasonally adjusted"
CUUR0000SS10011,"Butter in U.S. city average, all urban consumers, not seasonally adjusted"
CUUR0000SS11031,"Oranges, including tangerines in U.S. city average, all urban consumers, not seasonally adjusted"
CUUR0000SS13031,"Canned fruits in U.S. city average, all urban consumers, not seasonally adjusted"
CUUR0000SS14011,"Frozen vegetables in U.S. city average, all urban consumers, not seasonally adjusted"
CUUR0000SS14021,"Canned vegetables in U.S. city average, all urban consumers, not seasonally adjusted"
CUUR0000SS14022,"Dried beans, peas, and lentils in U.S. city average, all urban consumers, not seasonally adjusted"
CUUR0000SS16011,"Margarine in U.S. city average, all urban consumers, not seasonally adjusted"
CUUR0000SS16014,"Peanut butter in U.S. city average, all urban consumers, not seasonally adjusted"
CUUR0000SS17031,"Roasted coffee in U.S. city average, all urban consumers, not seasonally adjusted"
CUUR0000SS17032,"Instant coffee in U.S. city average, all urban consumers, not seasonally adjusted"
CUUR0000SS18041,"Salt and other seasonings and spices in U.S. city average, all urban consumers, not seasonally adjusted"
CUUR0000SS18042,"Olives, pickles, relishes in U.S. city average, all urban consumers, not seasonally adjusted"
CUUR0000SS18043,"Sauces and gravies in U.S. city average, all urban consumers, not seasonally adjusted"
CUUR0000SS1804B,"Other condiments in U.S. city average, all urban consumers, not seasonally adjusted"
CUUR0000SS18064,"Prepared salads in U.S. city average, all urban consumers, not seasonally adjusted"
CUUR0000SS20021,"Whiskey at home in U.S. city average, all urban consumers, not seasonally adjusted"
CUUR0000SS20022,"Distilled spirits, excluding whiskey, at home in U.S. city average, all urban consumers, not seasonally adjusted"
CUUR0000SS20051,"Beer, ale, and other malt beverages away from home in U.S. city average, all urban consumers, not seasonally adjusted"
CUUR0000SS20052,"Wine away from home in U.S. city average, all urban consumers, not seasonally adjusted"
CUUR0000SS20053,"Distilled spirits away from home in U.S. city average, all urban consumers, not seasonally adjusted"
CUUR0000SS27051,"Land-line interstate toll calls in U.S. city average, all urban consumers, not seasonally adjusted"
CUUR0000SS27061,"Land-line intrastate toll calls in U.S. city average, all urban consumers, not seasonally adjusted"
CUUR0000SS30021,"Laundry equipment in U.S. city average, all urban consumers, not seasonally adjusted"
CUUR0000SS31022,"Video discs and other media in U.S. city average, all urban consumers, not seasonally adjusted"
CUUR0000SS31023,"Video game hardware, software and accessories in U.S. city average, all urban consumers, not seasonally adjusted"
CUUR0000SS33032,"Stationery, stationery supplies, gift wrap in U.S. city average, all urban consumers, not seasonally adjusted"
CUUR0000SS45011,"New cars in U.S. city average, all urban consumers, not seasonally adjusted"
CUUR0000SS4501A,"New cars and trucks in U.S. city average, all urban consumers, not seasonally adjusted"
CUUR0000SS45021,"New trucks in U.S. city average, all urban consumers, not seasonally adjusted"
CUUR0000SS45031,"New motorcycles in U.S. city average, all urban consumers, not seasonally adjusted"
CUUR0000SS47014,"Gasoline, unleaded regular in U.S. city average, all urban consumers, not seasonally adjusted"
CUUR0000SS47015,"Gasoline, unleaded midgrade in U.S. city average, all urban consumers, not seasonally adjusted"
CUUR0000SS47016,"Gasoline, unleaded premium in U.S. city average, all urban consumers, not seasonally adjusted"
CUUR0000SS47021,"Motor oil, coolant, and fluids in U.S. city average, all urban consumers, not seasonally adjusted"
CUUR0000SS48021,"Vehicle parts and equipment other than tires in U.S. city average, all urban consumers, not seasonally adjusted"
CUUR0000SS52051,"Parking fees and tolls in U.S. city average, all urban consumers, not seasonally adjusted"
CUUR0000SS53021,"Intercity bus fare in U.S. city average, all urban consumers, not seasonally adjusted"
CUUR0000SS53022,"Intercity train fare in U.S. city average, all urban consumers, not seasonally adjusted"
CUUR0000SS53023,"Ship fare in U.S. city average, all urban consumers, not seasonally adjusted"
CUUR0000SS53031,"Intracity mass transit in U.S. city average, all urban consumers, not seasonally adjusted"
CUUR0000SS5702,"Inpatient hospital services in U.S. city average, all urban consumers, not seasonally adjusted"
CUUR0000SS5703,"Outpatient hospital services in U.S. city average, all urban consumers, not seasonally adjusted"
CUUR0000SS61011,"Toys, games, hobbies and playground equipment in U.S. city average, all urban consumers, not seasonally adjusted"
CUUR0000SS61021,"Film and photographic supplies in U.S. city average, all urban consumers, not seasonally adjusted"
CUUR0000SS61023,"Photographic equipment in U.S. city average, all urban consumers, not seasonally adjusted"
CUUR0000SS61031,"Pet food in U.S. city average, all urban consumers, not seasonally adjusted"
CUUR0000SS61032,"Purchase of pets, pet supplies, accessories in U.S. city average, all urban consumers, not seasonally adjusted"
CUUR0000SS62011,"Automobile service clubs in U.S. city average, all urban consumers, not seasonally adjusted"
CUUR0000SS62031,"Admission to movies, theaters, and concerts in U.S. city average, all urban consumers, not seasonally adjusted"
CUUR0000SS62032,"Admission to sporting events in U.S. city average, all urban consumers, not seasonally adjusted"
CUUR0000SS62051,"Photographer fees in U.S. city average, all urban consumers, not seasonally adjusted"
CUUR0000SS62052,"Photo processing in U.S. city average, all urban consumers, not seasonally adjusted"
CUUR0000SS62053,"Pet services in U.S. city average, all urban consumers, not seasonally adjusted"
CUUR0000SS62054,"Veterinarian services in U.S. city average, all urban consumers, not seasonally adjusted"
CUUR0000SS62055,"Subscription and rental of video and video games in U.S. city average, all urban consumers, not seasonally adjusted"
CUUR0000SS68021,"Checking account and other bank services in U.S. city average, all urban consumers, not seasonally adjusted"
CUUR0000SS68023,"Tax return preparation and other accounting fees in U.S. city average, all urban consumers, not seasonally adjusted"
CUUR0000SSEA011,"College textbooks in U.S. city average, all urban consumers, not seasonally adjusted"
CUUR0000SSEE041,"Smartphones in U.S. city average, all urban consumers, not seasonally adjusted"
CUUR0000SSFV031A,"Food at elementary and secondary schools in U.S. city average, all urban consumers, not seasonally adjusted"
CUUR0000SSGE013,"Infants' equipment in U.S. city average, all urban consumers, not seasonally adjusted"
CUUR0000SSHJ031,"Infants' furniture in U.S. city average, all urban consumers, not seasonally adjusted"
